SUPER_PATHWAY,SUB_PATHWAY,CHEMICAL_NAME
Amino Acid,Glutamate Metabolism,S-1-pyrroline-5-carboxylate
Amino Acid,Polyamine Metabolism,putrescine
Amino Acid,Polyamine Metabolism,spermidine
Cofactors and Vitamins,Nicotinate and Nicotinamide Metabolism,1-methylnicotinamide
Nucleotide,"Purine Metabolism, Adenine containing","adenosine-2',3'-cyclic monophosphate"
Nucleotide,"Pyrimidine Metabolism, Cytidine containing","cytidine 2',3'-cyclic monophosphate"
Nucleotide,"Purine Metabolism, Guanine containing","guanosine-2',3'-cyclic monophosphate"
Nucleotide,"Pyrimidine Metabolism, Uracil containing","uridine-2',3'-cyclic monophosphate"
Energy,TCA Cycle,alpha-ketoglutarate
Amino Acid,Tryptophan Metabolism,kynurenate
Nucleotide,"Pyrimidine Metabolism, Uracil containing",uridine 3'-monophosphate (3'-UMP)
Amino Acid,"Leucine, Isoleucine and Valine Metabolism",3-hydroxyisobutyrate
Lipid,Mevalonate Metabolism,3-hydroxy-3-methylglutarate
Carbohydrate,"Glycolysis, Gluconeogenesis, and Pyruvate Metabolism",3-phosphoglycerate
Lipid,Primary Bile Acid Metabolism,cholate
Nucleotide,"Pyrimidine Metabolism, Thymine containing","5,6-dihydrothymine"
Nucleotide,"Purine Metabolism, (Hypo)Xanthine/Inosine containing",hypoxanthine
Nucleotide,"Purine Metabolism, Guanine containing",guanine
Lipid,Long Chain Polyunsaturated Fatty Acid (n3 and n6),linoleate (18:2n6)
Lipid,Medium Chain Fatty Acid,laurate (12:0)
Cofactors and Vitamins,Nicotinate and Nicotinamide Metabolism,quinolinate
Amino Acid,Tryptophan Metabolism,N-formylkynurenine
Amino Acid,Polyamine Metabolism,N('1)-acetylspermidine
Amino Acid,Lysine Metabolism,"N6,N6,N6-trimethyllysine"
Amino Acid,Polyamine Metabolism,N-acetylputrescine
Amino Acid,"Methionine, Cysteine, SAM and Taurine Metabolism",N-formylmethionine
Amino Acid,"Methionine, Cysteine, SAM and Taurine Metabolism",S-adenosylhomocysteine (SAH)
Nucleotide,"Purine Metabolism, Adenine containing","adenosine 3',5'-cyclic monophosphate (cAMP)"
Nucleotide,"Purine Metabolism, Adenine containing",adenosine 5'-diphosphate (ADP)
Nucleotide,"Purine Metabolism, Adenine containing",adenosine 5'-monophosphate (AMP)
Nucleotide,"Purine Metabolism, Adenine containing",adenosine 5'-triphosphate (ATP)
Amino Acid,Polyamine Metabolism,5-methylthioadenosine (MTA)
Nucleotide,"Purine Metabolism, Adenine containing",N6-methyladenosine
Cofactors and Vitamins,Nicotinate and Nicotinamide Metabolism,adenosine 5'-diphosphoribose (ADP-ribose)
Carbohydrate,Pentose Phosphate Pathway,ribose 1-phosphate
Lipid,Long Chain Polyunsaturated Fatty Acid (n3 and n6),arachidonate (20:4n6)
Amino Acid,Urea cycle; Arginine and Proline Metabolism,arginine
Amino Acid,Urea cycle; Arginine and Proline Metabolism,argininosuccinate
Cofactors and Vitamins,Ascorbate and Aldarate Metabolism,ascorbate (Vitamin C)
Amino Acid,Alanine and Aspartate Metabolism,aspartate
Amino Acid,Tyrosine Metabolism,3-(4-hydroxyphenyl)lactate
Amino Acid,Phenylalanine Metabolism,phenylpyruvate
Nucleotide,"Pyrimidine Metabolism, Uracil containing",beta-alanine
Amino Acid,Histidine Metabolism,carnosine
Cofactors and Vitamins,Hemoglobin and Porphyrin Metabolism,biliverdin
Energy,TCA Cycle,succinate
Lipid,Ketone Bodies,3-hydroxybutyrate (BHBA)
Lipid,Sterol,cholesterol
Lipid,Phospholipid Metabolism,choline phosphate
Amino Acid,Glutathione Metabolism,CoA-glutathione*
Lipid,Corticosteroids,cortisone
Amino Acid,Creatine Metabolism,creatinine
Amino Acid,Glutathione Metabolism,cysteinylglycine
Amino Acid,"Methionine, Cysteine, SAM and Taurine Metabolism",cystine
Nucleotide,"Pyrimidine Metabolism, Cytidine containing",cytidine 5'-monophosphate (5'-CMP)
Carbohydrate,Aminosugar Metabolism,glucosamine-6-phosphate
Carbohydrate,"Glycolysis, Gluconeogenesis, and Pyruvate Metabolism",glucose 6-phosphate
Lipid,Sphingosines,sphingosine
Cofactors and Vitamins,Ascorbate and Aldarate Metabolism,dehydroascorbate
Lipid,Secondary Bile Acid Metabolism,deoxycholate
Carbohydrate,"Glycolysis, Gluconeogenesis, and Pyruvate Metabolism",dihydroxyacetone phosphate (DHAP)
Amino Acid,"Methionine, Cysteine, SAM and Taurine Metabolism",cystathionine
Lipid,Sphingolipid Synthesis,sphinganine
Cofactors and Vitamins,Riboflavin Metabolism,flavin adenine dinucleotide (FAD)
Energy,TCA Cycle,fumarate
Peptide,Gamma-glutamyl Amino Acid,gamma-glutamylglutamate
Carbohydrate,Nucleotide Sugar,guanosine 5'-diphospho-fucose
Xenobiotics,Food Component/Plant,gluconate
Lipid,"Fatty Acid, Dicarboxylate",glutarate (C5-DC)
Amino Acid,"Glycine, Serine and Threonine Metabolism",glycine
Lipid,Primary Bile Acid Metabolism,glycocholate
Amino Acid,Creatine Metabolism,guanidinoacetate
Nucleotide,"Purine Metabolism, Guanine containing",guanosine 5'-monophosphate (5'-GMP)
Nucleotide,"Purine Metabolism, Guanine containing",2'-deoxyguanosine
Amino Acid,Histidine Metabolism,histamine
Amino Acid,Histidine Metabolism,histidine
Amino Acid,"Methionine, Cysteine, SAM and Taurine Metabolism",hypotaurine
Nucleotide,"Purine Metabolism, (Hypo)Xanthine/Inosine containing",inosine
Nucleotide,"Purine Metabolism, (Hypo)Xanthine/Inosine containing",inosine 5'-monophosphate (IMP)
Lipid,Inositol Metabolism,myo-inositol
Lipid,Inositol Metabolism,inositol 1-phosphate (I1P)
Amino Acid,"Leucine, Isoleucine and Valine Metabolism",isoleucine
Amino Acid,Lysine Metabolism,2-aminoadipate
Amino Acid,"Methionine, Cysteine, SAM and Taurine Metabolism",3-sulfo-L-alanine
Amino Acid,Urea cycle; Arginine and Proline Metabolism,citrulline
Amino Acid,Lysine Metabolism,saccharopine
Amino Acid,"Leucine, Isoleucine and Valine Metabolism",leucine
Lipid,Secondary Bile Acid Metabolism,lithocholate
Amino Acid,Lysine Metabolism,lysine
Energy,TCA Cycle,malate
Amino Acid,"Methionine, Cysteine, SAM and Taurine Metabolism",methionine
Lipid,Fatty Acid Metabolism (also BCAA Metabolism),methylmalonate (MMA)
Lipid,Phospholipid Metabolism,ethanolamine
Lipid,Long Chain Saturated Fatty Acid,palmitate (16:0)
Cofactors and Vitamins,Nicotinate and Nicotinamide Metabolism,nicotinamide adenine dinucleotide reduced (NADH)
Cofactors and Vitamins,Nicotinate and Nicotinamide Metabolism,nicotinamide
Lipid,Long Chain Saturated Fatty Acid,stearate (18:0)
Amino Acid,Urea cycle; Arginine and Proline Metabolism,ornithine
Nucleotide,"Pyrimidine Metabolism, Orotate containing",orotate
Amino Acid,Glutathione Metabolism,"glutathione, oxidized (GSSG)"
Lipid,Long Chain Monounsaturated Fatty Acid,palmitoleate (16:1n7)
Amino Acid,Phenylalanine Metabolism,phenylalanine
Energy,Oxidative Phosphorylation,phosphate
Carbohydrate,"Glycolysis, Gluconeogenesis, and Pyruvate Metabolism",phosphoenolpyruvate (PEP)
Lipid,Sphingolipid Synthesis,phytosphingosine
Lipid,Progestin Steroids,progesterone
Amino Acid,Urea cycle; Arginine and Proline Metabolism,proline
Carbohydrate,"Glycolysis, Gluconeogenesis, and Pyruvate Metabolism",lactate
Lipid,Eicosanoid,prostaglandin E2
Cofactors and Vitamins,Vitamin B6 Metabolism,pyridoxal
Cofactors and Vitamins,Vitamin B6 Metabolism,pyridoxal phosphate
Cofactors and Vitamins,Vitamin B6 Metabolism,pyridoxamine phosphate
Amino Acid,Glutathione Metabolism,"glutathione, reduced (GSH)"
Cofactors and Vitamins,Vitamin A Metabolism,retinol (Vitamin A)
Cofactors and Vitamins,Riboflavin Metabolism,riboflavin (Vitamin B2)
Xenobiotics,Drug - Topical Agents,salicylate
Amino Acid,"Glycine, Serine and Threonine Metabolism",serine
Amino Acid,Polyamine Metabolism,spermine
Amino Acid,"Methionine, Cysteine, SAM and Taurine Metabolism",taurine
Lipid,Long Chain Saturated Fatty Acid,myristate (14:0)
Cofactors and Vitamins,Thiamine Metabolism,thiamin diphosphate
Cofactors and Vitamins,Thiamine Metabolism,thiamin monophosphate
Amino Acid,Urea cycle; Arginine and Proline Metabolism,urea
Nucleotide,"Pyrimidine Metabolism, Uracil containing",uridine
Nucleotide,"Pyrimidine Metabolism, Uracil containing",2'-deoxyuridine
Amino Acid,Glutamate Metabolism,glutamate
Amino Acid,Glutamate Metabolism,glutamine
Amino Acid,"Glycine, Serine and Threonine Metabolism",threonine
Amino Acid,Tryptophan Metabolism,tryptophan
Amino Acid,"Leucine, Isoleucine and Valine Metabolism",valine
Cofactors and Vitamins,Vitamin B6 Metabolism,pyridoxamine
Carbohydrate,"Glycolysis, Gluconeogenesis, and Pyruvate Metabolism",glucose
Nucleotide,"Purine Metabolism, Adenine containing",adenosine
Amino Acid,"Glycine, Serine and Threonine Metabolism",betaine
Amino Acid,"Methionine, Cysteine, SAM and Taurine Metabolism",cysteine
Carbohydrate,"Fructose, Mannose and Galactose Metabolism",mannose
Amino Acid,"Glycine, Serine and Threonine Metabolism",dimethylglycine
Amino Acid,Alanine and Aspartate Metabolism,alanine
Amino Acid,Tyrosine Metabolism,tyrosine
Lipid,Fatty Acid Synthesis,malonate
Nucleotide,"Pyrimidine Metabolism, Uracil containing",pseudouridine
Carbohydrate,"Glycolysis, Gluconeogenesis, and Pyruvate Metabolism",pyruvate
Nucleotide,"Pyrimidine Metabolism, Uracil containing",uracil
Nucleotide,"Pyrimidine Metabolism, Cytidine containing",cytidine
Xenobiotics,Tobacco Metabolite,cotinine
Xenobiotics,Xanthine Metabolism,caffeine
Nucleotide,"Pyrimidine Metabolism, Uracil containing",uridine 5'-monophosphate (UMP)
Nucleotide,"Pyrimidine Metabolism, Uracil containing",uridine 5'-diphosphate (UDP)
Nucleotide,"Pyrimidine Metabolism, Uracil containing",uridine 5'-triphosphate (UTP)
Nucleotide,"Pyrimidine Metabolism, Thymine containing",thymidine
Cofactors and Vitamins,Thiamine Metabolism,thiamin (Vitamin B1)
Carbohydrate,"Fructose, Mannose and Galactose Metabolism",fructose
Nucleotide,"Purine Metabolism, Adenine containing",adenine
Nucleotide,"Pyrimidine Metabolism, Cytidine containing",cytosine
Nucleotide,"Pyrimidine Metabolism, Thymine containing",thymine
Lipid,Medium Chain Fatty Acid,caprate (10:0)
Lipid,Long Chain Saturated Fatty Acid,margarate (17:0)
Lipid,Long Chain Saturated Fatty Acid,nonadecanoate (19:0)
Lipid,Long Chain Saturated Fatty Acid,arachidate (20:0)
Carbohydrate,Glycogen Metabolism,maltose
Carbohydrate,Pentose Metabolism,ribose
Amino Acid,Alanine and Aspartate Metabolism,asparagine
Lipid,Medium Chain Fatty Acid,heptanoate (7:0)
Lipid,Medium Chain Fatty Acid,caproate (6:0)
Lipid,Medium Chain Fatty Acid,caprylate (8:0)
Carbohydrate,Disaccharides and Oligosaccharides,sucrose
Lipid,Long Chain Saturated Fatty Acid,pentadecanoate (15:0)
Amino Acid,Urea cycle; Arginine and Proline Metabolism,trans-4-hydroxyproline
Nucleotide,"Purine Metabolism, (Hypo)Xanthine/Inosine containing",allantoin
Nucleotide,"Purine Metabolism, (Hypo)Xanthine/Inosine containing",xanthine
Amino Acid,Glutathione Metabolism,5-oxoproline
Amino Acid,Tryptophan Metabolism,picolinate
Amino Acid,"Glycine, Serine and Threonine Metabolism",sarcosine
Cofactors and Vitamins,Pantothenate and CoA Metabolism,pantothenate
Amino Acid,Lysine Metabolism,pipecolate
Lipid,Phospholipid Metabolism,phosphoethanolamine
Peptide,Gamma-glutamyl Amino Acid,gamma-glutamylcysteine
Carbohydrate,"Glycolysis, Gluconeogenesis, and Pyruvate Metabolism",glycerate
Nucleotide,"Pyrimidine Metabolism, Uracil containing",3-ureidopropionate
Amino Acid,"Leucine, Isoleucine and Valine Metabolism",N-acetylleucine
Amino Acid,"Methionine, Cysteine, SAM and Taurine Metabolism",N-acetylmethionine
Amino Acid,"Leucine, Isoleucine and Valine Metabolism",N-acetylvaline
Lipid,Long Chain Monounsaturated Fatty Acid,erucate (22:1n9)
Cofactors and Vitamins,Hemoglobin and Porphyrin Metabolism,"bilirubin (Z,Z)"
Carbohydrate,Nucleotide Sugar,UDP-glucose
Carbohydrate,Nucleotide Sugar,UDP-glucuronate
Nucleotide,"Purine Metabolism, Guanine containing",guanosine
Peptide,Gamma-glutamyl Amino Acid,gamma-glutamyltyrosine
Cofactors and Vitamins,Tocopherol Metabolism,alpha-tocopherol
Nucleotide,"Pyrimidine Metabolism, Orotate containing",N-carbamoylaspartate
Amino Acid,Alanine and Aspartate Metabolism,N-acetylalanine
Amino Acid,Polyamine Metabolism,4-acetamidobutanoate
Nucleotide,"Pyrimidine Metabolism, Thymine containing",3-aminoisobutyrate
Energy,TCA Cycle,citrate
Nucleotide,"Pyrimidine Metabolism, Uracil containing","5,6-dihydrouracil"
Lipid,Estrogenic Steroids,estrone
Nucleotide,"Purine Metabolism, (Hypo)Xanthine/Inosine containing",urate
Lipid,Endocannabinoid,oleoyl ethanolamide
Peptide,Gamma-glutamyl Amino Acid,gamma-glutamylglutamine
Amino Acid,Tyrosine Metabolism,4-hydroxyphenylpyruvate
Carbohydrate,Aminosugar Metabolism,N-acetylneuraminate
Amino Acid,Polyamine Metabolism,N(1)-acetylspermine
Energy,Oxidative Phosphorylation,acetylphosphate
Carbohydrate,Aminosugar Metabolism,N-acetyl-glucosamine 1-phosphate
Carbohydrate,Aminosugar Metabolism,N-acetylglucosamine 6-phosphate
Nucleotide,"Purine Metabolism, Adenine containing","adenosine 3',5'-diphosphate"
Carbohydrate,Aminosugar Metabolism,N-acetylglucosaminylasparagine
Amino Acid,"Glycine, Serine and Threonine Metabolism",betaine aldehyde
Lipid,Phospholipid Metabolism,cytidine 5'-diphosphocholine
Amino Acid,Creatine Metabolism,creatine
Carbohydrate,Nucleotide Sugar,cytidine 5'-monophospho-N-acetylneuraminic acid
Carbohydrate,"Glycolysis, Gluconeogenesis, and Pyruvate Metabolism","2,3-diphosphoglycerate"
Lipid,Long Chain Polyunsaturated Fatty Acid (n3 and n6),dihomo-linoleate (20:2n6)
Peptide,Gamma-glutamyl Amino Acid,gamma-glutamylhistidine
Lipid,"Fatty Acid, Monohydroxy",2-hydroxystearate
Nucleotide,"Purine Metabolism, Adenine containing",N1-methyladenosine
Cofactors and Vitamins,Folate Metabolism,5-methyltetrahydrofolate (5MeTHF)
Lipid,Glycerolipid Metabolism,glycerol
Lipid,Phospholipid Metabolism,choline
Amino Acid,Tryptophan Metabolism,anthranilate
Amino Acid,"Methionine, Cysteine, SAM and Taurine Metabolism",S-adenosylmethionine (SAM)
Peptide,Gamma-glutamyl Amino Acid,gamma-glutamylleucine
Cofactors and Vitamins,Nicotinate and Nicotinamide Metabolism,nicotinamide adenine dinucleotide (NAD+)
Cofactors and Vitamins,Nicotinate and Nicotinamide Metabolism,nicotinamide ribonucleotide (NMN)
Amino Acid,Tyrosine Metabolism,3-methoxytyrosine
Amino Acid,Glutathione Metabolism,S-lactoylglutathione
Xenobiotics,Drug - Psychoactive,fluoxetine
Xenobiotics,"Drug - Analgesics, Anesthetics",4-acetamidophenol
Amino Acid,"Leucine, Isoleucine and Valine Metabolism",beta-hydroxyisovalerate
Lipid,Estrogenic Steroids,17beta-estradiol
Lipid,Endocannabinoid,arachidonoyl ethanolamide
Lipid,Endocannabinoid,palmitoyl ethanolamide
Lipid,Ceramides,N-palmitoyl-sphingosine (d18:1/16:0)
Lipid,Phosphatidylethanolamine (PE),1-palmitoyl-2-oleoyl-GPE (16:0/18:1)
Lipid,Phosphatidylinositol (PI),1-palmitoyl-2-linoleoyl-GPI (16:0/18:2)
Lipid,Phosphatidylserine (PS),1-palmitoyl-2-oleoyl-GPS (16:0/18:1)
Lipid,Phosphatidylcholine (PC),1-palmitoyl-2-linoleoyl-GPC (16:0/18:2)
Lipid,Sphingomyelins,stearoyl sphingomyelin (d18:1/18:0)
Lipid,Phosphatidylcholine (PC),1-palmitoyl-2-oleoyl-GPC (16:0/18:1)
Lipid,Phosphatidylglycerol (PG),1-palmitoyl-2-linoleoyl-GPG (16:0/18:2)
Lipid,Ceramides,N-stearoyl-sphingosine (d18:1/18:0)*
Lipid,Primary Bile Acid Metabolism,glycochenodeoxycholate
Lipid,Primary Bile Acid Metabolism,taurochenodeoxycholate
Lipid,Primary Bile Acid Metabolism,taurocholate
Lipid,Neurotransmitter,acetylcholine
Xenobiotics,Benzoate Metabolism,2-hydroxyhippurate (salicylurate)
Lipid,"Fatty Acid, Dicarboxylate",azelate (C9-DC)
Xenobiotics,"Drug - Analgesics, Anesthetics",3-(N-acetyl-L-cystein-S-yl) acetaminophen
Xenobiotics,"Drug - Analgesics, Anesthetics",4-acetaminophen sulfate
Lipid,Long Chain Polyunsaturated Fatty Acid (n3 and n6),eicosapentaenoate (EPA; 20:5n3)
Amino Acid,"Leucine, Isoleucine and Valine Metabolism",methylsuccinate
Amino Acid,"Leucine, Isoleucine and Valine Metabolism",ethylmalonate
Lipid,Carnitine Metabolism,carnitine
Xenobiotics,Benzoate Metabolism,benzoate
Xenobiotics,Benzoate Metabolism,hippurate
Lipid,"Fatty Acid, Dicarboxylate",suberate (C8-DC)
Amino Acid,"Leucine, Isoleucine and Valine Metabolism",3-methyl-2-oxovalerate
Amino Acid,"Methionine, Cysteine, SAM and Taurine Metabolism",methionine sulfoxide
Lipid,Estrogenic Steroids,estriol
Amino Acid,Histidine Metabolism,3-methylhistidine
Xenobiotics,"Drug - Analgesics, Anesthetics",4-acetamidophenylglucuronide
Amino Acid,Histidine Metabolism,anserine
Amino Acid,Lysine Metabolism,5-hydroxylysine
Carbohydrate,"Glycolysis, Gluconeogenesis, and Pyruvate Metabolism",2-phosphoglycerate
Amino Acid,Guanidino and Acetamido Metabolism,4-guanidinobutanoate
Amino Acid,Creatine Metabolism,creatine phosphate
Nucleotide,"Pyrimidine Metabolism, Cytidine containing",2'-deoxycytidine
Nucleotide,"Purine Metabolism, (Hypo)Xanthine/Inosine containing",2'-deoxyinosine
Cofactors and Vitamins,Riboflavin Metabolism,flavin mononucleotide (FMN)
Carbohydrate,Aminosugar Metabolism,glucuronate
Lipid,Glycerolipid Metabolism,glycerol 3-phosphate
Amino Acid,Histidine Metabolism,imidazole lactate
Amino Acid,Tryptophan Metabolism,kynurenine
Lipid,Phospholipid Metabolism,glycerophosphorylcholine (GPC)
Carbohydrate,Glycogen Metabolism,maltotetraose
Carbohydrate,Glycogen Metabolism,maltotriose
Amino Acid,Glutamate Metabolism,N-acetylglutamate
Xenobiotics,Food Component/Plant,tartarate
Carbohydrate,Nucleotide Sugar,UDP-galactose
Nucleotide,"Purine Metabolism, (Hypo)Xanthine/Inosine containing",xanthosine
Carbohydrate,"Fructose, Mannose and Galactose Metabolism",galactose 1-phosphate
Carbohydrate,Pentose Phosphate Pathway,6-phosphogluconate
Carbohydrate,Pentose Metabolism,ribitol
Lipid,Secondary Bile Acid Metabolism,glycodeoxycholate
Xenobiotics,Xanthine Metabolism,theophylline
Xenobiotics,Food Component/Plant,quinate
Xenobiotics,Xanthine Metabolism,theobromine
Amino Acid,Lysine Metabolism,5-aminovalerate
Amino Acid,Tryptophan Metabolism,indolelactate
Amino Acid,Tryptophan Metabolism,3-indoxyl sulfate
Peptide,Dipeptide,glycylvaline
Peptide,Gamma-glutamyl Amino Acid,gamma-glutamylphenylalanine
Amino Acid,"Leucine, Isoleucine and Valine Metabolism",4-methyl-2-oxopentanoate
Lipid,Eicosanoid,15-HETE
Carbohydrate,"Glycolysis, Gluconeogenesis, and Pyruvate Metabolism","1,5-anhydroglucitol (1,5-AG)"
Lipid,Monoacylglycerol,2-arachidonoylglycerol (20:4)
Lipid,Eicosanoid,"13,14-dihydro-15-keto-prostaglandin A2"
Lipid,Phosphatidylinositol (PI),1-stearoyl-2-arachidonoyl-GPI (18:0/20:4)
Lipid,Sphingosines,sphingosine 1-phosphate
Lipid,Lysophospholipid,1-oleoyl-GPS (18:1)
Lipid,Phosphatidylserine (PS),1-stearoyl-2-oleoyl-GPS (18:0/18:1)
Lipid,Phosphatidylglycerol (PG),1-palmitoyl-2-oleoyl-GPG (16:0/18:1)
Lipid,Phosphatidylserine (PS),1-stearoyl-2-linoleoyl-GPS (18:0/18:2)
Lipid,Phosphatidylserine (PS),"1,2-dipalmitoyl-GPS (16:0/16:0)"
Lipid,Lysophospholipid,1-stearoyl-GPI (18:0)
Lipid,Phosphatidylcholine (PC),"1,2-dipalmitoyl-GPC (16:0/16:0)"
Lipid,Long Chain Polyunsaturated Fatty Acid (n3 and n6),docosahexaenoate (DHA; 22:6n3)
Lipid,Phosphatidylcholine (PC),1-myristoyl-2-palmitoyl-GPC (14:0/16:0)
Lipid,Estrogenic Steroids,estriol 3-sulfate
Amino Acid,"Leucine, Isoleucine and Valine Metabolism",alpha-hydroxyisocaproate
Lipid,"Fatty Acid, Dicarboxylate",maleate
Lipid,"Fatty Acid, Monohydroxy",2-hydroxyoctanoate
Nucleotide,"Pyrimidine Metabolism, Cytidine containing",5-methylcytidine
Lipid,"Fatty Acid, Monohydroxy",3-hydroxyoctanoate
Amino Acid,Phenylalanine Metabolism,phenyllactate (PLA)
Lipid,"Fatty Acid Metabolism (Acyl Carnitine, Long Chain Saturated)",palmitoylcarnitine (C16)
Lipid,"Fatty Acid Metabolism (Acyl Carnitine, Medium Chain)",hexanoylcarnitine (C6)
Amino Acid,Alanine and Aspartate Metabolism,N-acetylaspartate (NAA)
Lipid,Androgenic Steroids,dehydroepiandrosterone sulfate (DHEA-S)
Lipid,"Fatty Acid Metabolism (Acyl Carnitine, Short Chain)",acetylcarnitine (C2)
Amino Acid,"Methionine, Cysteine, SAM and Taurine Metabolism",cysteine s-sulfate
Lipid,Monoacylglycerol,1-palmitoylglycerol (16:0)
Xenobiotics,Food Component/Plant,tartronate (hydroxymalonate)
Cofactors and Vitamins,Ascorbate and Aldarate Metabolism,oxalate (ethanedioate)
Xenobiotics,Food Component/Plant,erythritol
Xenobiotics,Chemical,trizma acetate
Lipid,"Fatty Acid, Monohydroxy",3-hydroxymyristate
Lipid,Monoacylglycerol,1-oleoylglycerol (18:1)
Amino Acid,"Leucine, Isoleucine and Valine Metabolism",3-methyl-2-oxobutyrate
Lipid,Monoacylglycerol,2-oleoylglycerol (18:1)
Amino Acid,Urea cycle; Arginine and Proline Metabolism,homoarginine
Amino Acid,Urea cycle; Arginine and Proline Metabolism,homocitrulline
Lipid,"Fatty Acid, Monohydroxy",3-hydroxypalmitate
Lipid,Monoacylglycerol,2-linoleoylglycerol (18:2)
Xenobiotics,Chemical,triethanolamine
Lipid,"Fatty Acid, Monohydroxy",3-hydroxydecanoate
Amino Acid,"Glycine, Serine and Threonine Metabolism",N-acetylglycine
Carbohydrate,Pentose Metabolism,ribonate
Cofactors and Vitamins,Ascorbate and Aldarate Metabolism,threonate
Amino Acid,Tryptophan Metabolism,indoleacetate
Lipid,Monoacylglycerol,1-linoleoylglycerol (18:2)
Lipid,Monoacylglycerol,2-palmitoylglycerol (16:0)
Amino Acid,Histidine Metabolism,1-methylhistidine
Lipid,Fatty Acid Metabolism (also BCAA Metabolism),butyrylcarnitine (C4)
Amino Acid,"Leucine, Isoleucine and Valine Metabolism",isobutyrylcarnitine (C4)
Lipid,Androgenic Steroids,androsterone sulfate
Amino Acid,Tryptophan Metabolism,indolepropionate
Cofactors and Vitamins,Nicotinate and Nicotinamide Metabolism,trigonelline (N'-methylnicotinate)
Amino Acid,Glutamate Metabolism,"glutamate, gamma-methyl ester"
Amino Acid,Tyrosine Metabolism,N-acetyltyrosine
Xenobiotics,Xanthine Metabolism,3-methylxanthine
Lipid,"Fatty Acid, Monohydroxy",3-hydroxylaurate
Cofactors and Vitamins,Vitamin B6 Metabolism,pyridoxate
Nucleotide,"Purine Metabolism, Guanine containing",N1-methylguanosine
Peptide,Gamma-glutamyl Amino Acid,gamma-glutamylvaline
Lipid,"Fatty Acid, Dicarboxylate",2-hydroxyadipate
Lipid,Fatty Acid Metabolism (also BCAA Metabolism),propionylcarnitine (C3)
Amino Acid,Urea cycle; Arginine and Proline Metabolism,pro-hydroxy-pro
Amino Acid,"Leucine, Isoleucine and Valine Metabolism",3-hydroxy-2-ethylpropionate
Lipid,"Fatty Acid, Dicarboxylate",3-carboxy-4-methyl-5-propyl-2-furanpropanoate (CMPF)
Lipid,Long Chain Polyunsaturated Fatty Acid (n3 and n6),docosapentaenoate (n3 DPA; 22:5n3)
Lipid,Long Chain Polyunsaturated Fatty Acid (n3 and n6),docosadienoate (22:2n6)
Lipid,Long Chain Polyunsaturated Fatty Acid (n3 and n6),adrenate (22:4n6)
Lipid,Long Chain Polyunsaturated Fatty Acid (n3 and n6),docosatrienoate (22:3n3)
Amino Acid,Histidine Metabolism,1-methylhistamine
Amino Acid,Histidine Metabolism,4-imidazoleacetate
Amino Acid,Histidine Metabolism,1-methyl-4-imidazoleacetate
Lipid,"Fatty Acid, Dicarboxylate",sebacate (C10-DC)
Lipid,Long Chain Polyunsaturated Fatty Acid (n3 and n6),stearidonate (18:4n3)
Lipid,Medium Chain Fatty Acid,5-dodecenoate (12:1n7)
Lipid,"Fatty Acid Metabolism (Acyl Carnitine, Medium Chain)",octanoylcarnitine (C8)
Lipid,Primary Bile Acid Metabolism,tauro-beta-muricholate
Lipid,"Fatty Acid Metabolism (Acyl Carnitine, Medium Chain)",decanoylcarnitine (C10)
Amino Acid,Glutamate Metabolism,N-acetylglutamine
Amino Acid,Phenylalanine Metabolism,N-acetylphenylalanine
Amino Acid,Alanine and Aspartate Metabolism,N-acetylasparagine
Peptide,Dipeptide,glycylleucine
Amino Acid,Glutathione Metabolism,S-methylglutathione
Peptide,Gamma-glutamyl Amino Acid,gamma-glutamyl-epsilon-lysine
Lipid,Lysophospholipid,1-palmitoyl-GPC (16:0)
Amino Acid,Urea cycle; Arginine and Proline Metabolism,N-acetylarginine
Xenobiotics,Food Component/Plant,piperine
Lipid,"Fatty Acid Metabolism (Acyl Carnitine, Long Chain Saturated)",myristoylcarnitine (C14)
Lipid,Lysophospholipid,1-stearoyl-GPC (18:0)
Lipid,Lysophospholipid,1-oleoyl-GPC (18:1)
Amino Acid,"Glycine, Serine and Threonine Metabolism",N-acetylthreonine
Amino Acid,"Leucine, Isoleucine and Valine Metabolism",N-acetylisoleucine
Lipid,Long Chain Monounsaturated Fatty Acid,10-nonadecenoate (19:1n9)
Lipid,Long Chain Monounsaturated Fatty Acid,10-heptadecenoate (17:1n7)
Amino Acid,Histidine Metabolism,N-acetylhistidine
Peptide,Gamma-glutamyl Amino Acid,gamma-glutamylglycine
Xenobiotics,Food Component/Plant,stachydrine
Amino Acid,"Leucine, Isoleucine and Valine Metabolism",alpha-hydroxyisovalerate
Xenobiotics,Drug - Psychoactive,hydroxybupropion
Cofactors and Vitamins,Nicotinate and Nicotinamide Metabolism,nicotinamide riboside
Amino Acid,Glutathione Metabolism,ophthalmate
Peptide,Gamma-glutamyl Amino Acid,gamma-glutamylmethionine
Peptide,Gamma-glutamyl Amino Acid,gamma-glutamylthreonine
Xenobiotics,Benzoate Metabolism,p-cresol sulfate
Cofactors and Vitamins,Nicotinate and Nicotinamide Metabolism,nicotinate ribonucleoside
Carbohydrate,Aminosugar Metabolism,erythronate*
Lipid,Long Chain Monounsaturated Fatty Acid,eicosenoate (20:1)
Lipid,Long Chain Polyunsaturated Fatty Acid (n3 and n6),linolenate [alpha or gamma; (18:3n3 or 6)]
Energy,TCA Cycle,aconitate [cis or trans]
Cofactors and Vitamins,Hemoglobin and Porphyrin Metabolism,heme
Lipid,"Fatty Acid Metabolism (Acyl Carnitine, Long Chain Saturated)",stearoylcarnitine (C18)
Lipid,"Fatty Acid Metabolism (Acyl Carnitine, Medium Chain)",laurylcarnitine (C12)
Amino Acid,"Leucine, Isoleucine and Valine Metabolism",isovalerylcarnitine (C5)
Lipid,Lysophospholipid,1-linoleoyl-GPC (18:2)
Lipid,Phospholipid Metabolism,cytidine-5'-diphosphoethanolamine
Nucleotide,"Purine Metabolism, (Hypo)Xanthine/Inosine containing",N1-methylinosine
Nucleotide,"Purine Metabolism, Guanine containing","N2,N2-dimethylguanosine"
Nucleotide,"Pyrimidine Metabolism, Cytidine containing",N4-acetylcytidine
Nucleotide,"Purine Metabolism, Adenine containing",N6-carbamoylthreonyladenosine
Nucleotide,"Pyrimidine Metabolism, Orotate containing",orotidine
Peptide,Acetylated Peptides,phenylacetylglutamine
Amino Acid,"Methionine, Cysteine, SAM and Taurine Metabolism",taurocyamine
Xenobiotics,Benzoate Metabolism,4-hydroxyhippurate
Nucleotide,"Pyrimidine Metabolism, Uracil containing","5,6-dihydrouridine"
Nucleotide,"Pyrimidine Metabolism, Uracil containing",3-(3-amino-3-carboxypropyl)uridine*
Lipid,Monoacylglycerol,1-pentadecanoylglycerol (15:0)
Lipid,Monoacylglycerol,1-arachidonylglycerol (20:4)
Lipid,Monoacylglycerol,1-linolenoylglycerol (18:3)
Amino Acid,Glutathione Metabolism,cysteine-glutathione disulfide
Nucleotide,"Pyrimidine Metabolism, Uracil containing",5-methyluridine (ribothymidine)
Nucleotide,"Purine Metabolism, Adenine containing",adenosine 3'-monophosphate (3'-AMP)
Amino Acid,"Leucine, Isoleucine and Valine Metabolism",isovalerylglycine
Nucleotide,"Purine Metabolism, Guanine containing",7-methylguanine
Lipid,Lysophospholipid,1-stearoyl-GPE (18:0)
Lipid,Lysophospholipid,1-stearoyl-GPG (18:0)
Nucleotide,"Pyrimidine Metabolism, Cytidine containing",3-methylcytidine
Nucleotide,"Purine Metabolism, Guanine containing",N2-methylguanosine
Cofactors and Vitamins,Nicotinate and Nicotinamide Metabolism,N1-Methyl-2-pyridone-5-carboxamide
Lipid,Monoacylglycerol,1-docosahexaenoylglycerol (22:6)
Lipid,Monoacylglycerol,1-dihomo-linoleoylglycerol (20:2)
Peptide,Gamma-glutamyl Amino Acid,gamma-glutamylisoleucine*
Carbohydrate,"Fructose, Mannose and Galactose Metabolism",galactose 6-phosphate
Lipid,"Fatty Acid Metabolism (Acyl Carnitine, Monounsaturated)",oleoylcarnitine (C18:1)
Lipid,"Fatty Acid, Monohydroxy",4-hydroxybutyrate (GHB)
Amino Acid,"Leucine, Isoleucine and Valine Metabolism",2-methylbutyrylcarnitine (C5)
Amino Acid,Tyrosine Metabolism,phenol sulfate
Lipid,Lysophospholipid,1-palmitoleoyl-GPC (16:1)*
Lipid,Fatty Acid Synthesis,malonylcarnitine
Xenobiotics,"Drug - Analgesics, Anesthetics",lidocaine
Xenobiotics,"Drug - Analgesics, Anesthetics",N-ethylglycinexylidide
Partially Characterized Molecules,Partially Characterized Molecules,glutamine_degradant*
Amino Acid,"Leucine, Isoleucine and Valine Metabolism",2-hydroxy-3-methylvalerate
Lipid,Androgenic Steroids,testosterone sulfate
Xenobiotics,Food Component/Plant,homostachydrine*
Lipid,Lysophospholipid,1-arachidonoyl-GPC (20:4n6)*
Lipid,Lysophospholipid,2-palmitoleoyl-GPC (16:1)*
Lipid,Lysophospholipid,2-palmitoyl-GPC (16:0)*
Lipid,Lysophospholipid,1-palmitoyl-GPE (16:0)
Lipid,Lysophospholipid,1-oleoyl-GPE (18:1)
Lipid,Lysophospholipid,1-linoleoyl-GPE (18:2)*
Lipid,Lysophospholipid,1-arachidonoyl-GPE (20:4n6)*
Lipid,"Fatty Acid, Monohydroxy",2-hydroxypalmitate
Lipid,Long Chain Polyunsaturated Fatty Acid (n3 and n6),docosapentaenoate (n6 DPA; 22:5n6)
Cofactors and Vitamins,Ascorbate and Aldarate Metabolism,gulonate*
Amino Acid,Lysine Metabolism,glutarylcarnitine (C5-DC)
Amino Acid,"Leucine, Isoleucine and Valine Metabolism",beta-hydroxyisovaleroylcarnitine
Amino Acid,"Leucine, Isoleucine and Valine Metabolism",tiglylcarnitine (C5:1-DC)
Xenobiotics,Benzoate Metabolism,catechol sulfate
Lipid,Sterol,cholesterol sulfate
Lipid,Sterol,7-alpha-hydroxy-3-oxo-4-cholestenoate (7-Hoca)
Amino Acid,Glutamate Metabolism,N-acetyl-aspartyl-glutamate (NAAG)
Lipid,"Fatty Acid, Dicarboxylate",hexadecanedioate (C16-DC)
Lipid,"Fatty Acid, Dicarboxylate",undecanedioate (C11-DC)
Lipid,Monoacylglycerol,1-myristoylglycerol (14:0)
Lipid,Glycerolipid Metabolism,glycerophosphoglycerol
Lipid,Phospholipid Metabolism,glycerophosphoethanolamine
Lipid,Phospholipid Metabolism,glycerophosphoinositol*
Carbohydrate,Pentose Phosphate Pathway,sedoheptulose-7-phosphate
Lipid,Lysophospholipid,1-arachidonoyl-GPI (20:4)*
Lipid,Lysophospholipid,1-palmitoyl-GPI (16:0)
Lipid,Secondary Bile Acid Metabolism,glycolithocholate sulfate*
Lipid,Secondary Bile Acid Metabolism,taurolithocholate 3-sulfate
Lipid,Carnitine Metabolism,deoxycarnitine
Nucleotide,"Purine Metabolism, Adenine containing",N6-succinyladenosine
Amino Acid,Histidine Metabolism,1-ribosyl-imidazoleacetate*
Nucleotide,"Purine Metabolism, Adenine containing",adenosine 2'-monophosphate (2'-AMP)
Lipid,"Fatty Acid, Monohydroxy",alpha-hydroxycaproate
Lipid,"Fatty Acid, Dihydroxy","3,4-dihydroxybutyrate"
Amino Acid,Lysine Metabolism,N6-acetyllysine
Lipid,Long Chain Polyunsaturated Fatty Acid (n3 and n6),dihomo-linolenate (20:3n3 or n6)
Carbohydrate,"Fructose, Mannose and Galactose Metabolism",mannitol/sorbitol
Amino Acid,Tryptophan Metabolism,tryptophan betaine
Xenobiotics,Benzoate Metabolism,4-vinylphenol sulfate
Xenobiotics,Benzoate Metabolism,4-ethylphenylsulfate
Xenobiotics,Food Component/Plant,thymol sulfate
Xenobiotics,Food Component/Plant,pyrraline
Carbohydrate,Advanced Glycation End-product,N6-carboxymethyllysine
Lipid,Lysophospholipid,1-oleoyl-GPI (18:1)
Lipid,Lysophospholipid,1-linoleoyl-GPI (18:2)*
Xenobiotics,"Drug - Analgesics, Anesthetics",2-hydroxyacetaminophen sulfate*
Xenobiotics,"Drug - Analgesics, Anesthetics",2-methoxyacetaminophen sulfate*
Xenobiotics,"Drug - Analgesics, Anesthetics",2-methoxyacetaminophen glucuronide*
Xenobiotics,"Drug - Analgesics, Anesthetics",3-(cystein-S-yl)acetaminophen*
Nucleotide,Purine and Pyrimidine Metabolism,methylphosphate
Amino Acid,Urea cycle; Arginine and Proline Metabolism,dimethylarginine (SDMA + ADMA)
Peptide,Gamma-glutamyl Amino Acid,gamma-glutamylalanine
Amino Acid,"Glycine, Serine and Threonine Metabolism",N-acetylserine
Lipid,Phosphatidylethanolamine (PE),1-stearoyl-2-oleoyl-GPE (18:0/18:1)
Lipid,Inositol Metabolism,chiro-inositol
Lipid,Phosphatidylglycerol (PG),1-stearoyl-2-oleoyl-GPG (18:0/18:1)
Xenobiotics,Food Component/Plant,4-allylphenol sulfate
Lipid,Phosphatidylcholine (PC),1-stearoyl-2-arachidonoyl-GPC (18:0/20:4)
Lipid,Phosphatidylethanolamine (PE),1-palmitoyl-2-linoleoyl-GPE (16:0/18:2)
Lipid,Phosphatidylserine (PS),1-stearoyl-2-arachidonoyl-GPS (18:0/20:4)
Lipid,Hexosylceramides (HCER),glycosyl-N-stearoyl-sphingosine (d18:1/18:0)
Peptide,Dipeptide,alanylleucine
Energy,TCA Cycle,succinylcarnitine (C4-DC)
Cofactors and Vitamins,Hemoglobin and Porphyrin Metabolism,"bilirubin (E,E)*"
Amino Acid,Urea cycle; Arginine and Proline Metabolism,N-methylproline
Lipid,Progestin Steroids,"5alpha-pregnan-3beta,20alpha-diol disulfate"
Lipid,Secondary Bile Acid Metabolism,glycocholenate sulfate*
Lipid,Secondary Bile Acid Metabolism,taurocholenate sulfate*
Lipid,Androgenic Steroids,"androstenediol (3beta,17beta) disulfate (1)"
Lipid,Pregnenolone Steroids,pregnenediol disulfate (C21H34O8S2)*
Lipid,Androgenic Steroids,"androstenediol (3beta,17beta) disulfate (2)"
Lipid,Pregnenolone Steroids,21-hydroxypregnenolone disulfate
Lipid,Progestin Steroids,"5alpha-pregnan-3beta,20beta-diol monosulfate (1)"
Lipid,Progestin Steroids,"5alpha-pregnan-3beta,20alpha-diol monosulfate (1)"
Lipid,Progestin Steroids,"5alpha-pregnan-3beta,20alpha-diol monosulfate (2)"
Lipid,Progestin Steroids,5alpha-pregnan-diol disulfate
Lipid,Androgenic Steroids,"androstenediol (3beta,17beta) monosulfate (1)"
Lipid,Androgenic Steroids,"androstenediol (3beta,17beta) monosulfate (2)"
Lipid,Progestin Steroids,"5alpha-pregnan-3beta-ol,20-one sulfate"
Lipid,"Fatty Acid, Dicarboxylate",2-hydroxyglutarate
Amino Acid,Tyrosine Metabolism,O-methyltyrosine
Nucleotide,"Pyrimidine Metabolism, Uracil containing",N-acetyl-beta-alanine
Amino Acid,"Methionine, Cysteine, SAM and Taurine Metabolism",5-methylthioribose**
Lipid,Sphingomyelins,"sphingomyelin (d18:1/18:1, d18:2/18:0)"
Lipid,Sphingomyelins,palmitoyl sphingomyelin (d18:1/16:0)
Amino Acid,"Methionine, Cysteine, SAM and Taurine Metabolism",cysteine sulfinic acid
Xenobiotics,Benzoate Metabolism,3-hydroxyhippurate
Lipid,Androgenic Steroids,16a-hydroxy DHEA 3-sulfate
Amino Acid,Polyamine Metabolism,"N1,N12-diacetylspermine"
Lipid,Eicosanoid,5-HETE
Xenobiotics,Food Component/Plant,ergothioneine
Xenobiotics,Drug - Antibiotic,penicillin G
Carbohydrate,"Glycolysis, Gluconeogenesis, and Pyruvate Metabolism","fructose 1,6-diphosphate/glucose 1,6-diphosphate/myo-inositol diphosphates"
Lipid,"Fatty Acid, Monohydroxy",13-HODE + 9-HODE
Lipid,"Fatty Acid, Dicarboxylate",tridecenedioate (C13:1-DC)*
Lipid,Sterol,4-cholesten-3-one
Amino Acid,Lysine Metabolism,N-acetyl-cadaverine
Lipid,"Fatty Acid Metabolism (Acyl Carnitine, Monounsaturated)",cis-4-decenoylcarnitine (C10:1)
Lipid,"Fatty Acid, Dihydroxy","2S,3R-dihydroxybutyrate"
Lipid,"Fatty Acid, Dihydroxy","2,4-dihydroxybutyrate"
Xenobiotics,Drug - Other,S-carboxymethyl-L-cysteine
Lipid,"Fatty Acid, Branched",(16 or 17)-methylstearate (a19:0 or i19:0)
Lipid,"Fatty Acid, Dihydroxy","2R,3R-dihydroxybutyrate"
Xenobiotics,Chemical,4-methylbenzenesulfonate
Amino Acid,Glutamate Metabolism,alpha-ketoglutaramate*
Xenobiotics,Drug - Metabolic,metformin
Xenobiotics,Food Component/Plant,"2,3-dihydroxyisovalerate"
Amino Acid,"Leucine, Isoleucine and Valine Metabolism",3-methylglutaconate
Amino Acid,Lysine Metabolism,5-(galactosylhydroxy)-L-lysine
Amino Acid,Histidine Metabolism,formiminoglutamate
Xenobiotics,Chemical,sulfate*
Amino Acid,Glutamate Metabolism,4-hydroxyglutamate
Carbohydrate,Pentose Metabolism,sedoheptulose
Lipid,Sterol,"20alpha,22beta-dihydroxycholesterol"
Amino Acid,Glutamate Metabolism,gamma-carboxyglutamate
Nucleotide,"Purine Metabolism, Guanine containing",guanosine 3'-monophosphate (3'-GMP)
Xenobiotics,Tobacco Metabolite,hydroxycotinine
Xenobiotics,Drug - Respiratory,diphenhydramine
Nucleotide,"Purine Metabolism, Guanine containing",guanosine 2'-monophosphate (2'-GMP)*
Xenobiotics,Drug - Gastrointestinal,ranitidine
Xenobiotics,Drug - Respiratory,pseudoephedrine
Amino Acid,"Methionine, Cysteine, SAM and Taurine Metabolism",S-methylcysteine
Lipid,Progestin Steroids,20a-dihydroprogesterone
Amino Acid,Urea cycle; Arginine and Proline Metabolism,argininate*
Xenobiotics,Food Component/Plant,solanidine
Amino Acid,Urea cycle; Arginine and Proline Metabolism,2-oxoarginine*
Lipid,Medium Chain Fatty Acid,cis-4-decenoate (10:1n6)*
Xenobiotics,Drug - Psychoactive,sertraline
Xenobiotics,Drug - Neurological,gabapentin
Xenobiotics,Drug - Psychoactive,venlafaxine
Xenobiotics,Chemical,ethyl glucuronide
Lipid,Lysophospholipid,1-lignoceroyl-GPC (24:0)
Lipid,Lysoplasmalogen,1-(1-enyl-palmitoyl)-GPC (P-16:0)*
Amino Acid,Histidine Metabolism,1-methyl-5-imidazoleacetate
Amino Acid,"Methionine, Cysteine, SAM and Taurine Metabolism",S-methylcysteine sulfoxide
Lipid,"Fatty Acid, Branched",(14 or 15)-methylpalmitate (a17:0 or i17:0)
Carbohydrate,Nucleotide Sugar,UDP-N-acetylglucosamine/galactosamine
Lipid,Diacylglycerol,oleoyl-linoleoyl-glycerol (18:1/18:2) [2]
Lipid,Lysoplasmalogen,1-(1-enyl-palmitoyl)-GPE (P-16:0)*
Lipid,Lysoplasmalogen,1-(1-enyl-stearoyl)-GPE (P-18:0)*
Lipid,Endocannabinoid,N-oleoyltaurine
Lipid,"Fatty Acid Metabolism (Acyl Carnitine, Polyunsaturated)",linoleoylcarnitine (C18:2)*
Amino Acid,Glutamate Metabolism,N-methyl-GABA
Peptide,Dipeptide,isoleucylglycine
Peptide,Dipeptide,leucylalanine
Peptide,Dipeptide,leucylglutamine*
Peptide,Dipeptide,leucylglycine
Peptide,Dipeptide,valylleucine
Lipid,Endocannabinoid,N-palmitoyltaurine
Lipid,Endocannabinoid,N-stearoyltaurine
Cofactors and Vitamins,Ascorbate and Aldarate Metabolism,2-O-methylascorbic acid
Amino Acid,Glutamate Metabolism,beta-citrylglutamate
Lipid,Phospholipid Metabolism,trimethylamine N-oxide
Amino Acid,Lysine Metabolism,N6-methyllysine
Amino Acid,Histidine Metabolism,imidazole propionate
Xenobiotics,Drug - Psychoactive,citalopram/escitalopram
Lipid,Progestin Steroids,pregnanediol-3-glucuronide
Peptide,Dipeptide,phenylalanylglycine
Peptide,Dipeptide,phenylalanylalanine
Peptide,Dipeptide,tyrosylglycine
Peptide,Dipeptide,valylglycine
Peptide,Dipeptide,prolylglycine
Lipid,Fatty Acid Metabolism (Acyl Glycine),N-palmitoylglycine
Xenobiotics,Food Component/Plant,mannonate*
Xenobiotics,Drug - Psychoactive,norfluoxetine
Amino Acid,"Methionine, Cysteine, SAM and Taurine Metabolism",lanthionine
Lipid,Lysophospholipid,2-stearoyl-GPE (18:0)*
Lipid,"Fatty Acid Metabolism (Acyl Carnitine, Hydroxy)",(R)-3-hydroxybutyrylcarnitine
Lipid,"Fatty Acid Metabolism (Acyl Carnitine, Long Chain Saturated)",margaroylcarnitine (C17)*
Xenobiotics,Food Component/Plant,histidine betaine (hercynine)*
Lipid,Secondary Bile Acid Metabolism,taurohyocholate*
Lipid,"Fatty Acid, Monohydroxy",2-hydroxydecanoate
Xenobiotics,Benzoate Metabolism,4-methylcatechol sulfate
Xenobiotics,Drug - Psychoactive,O-desmethylvenlafaxine
Xenobiotics,Benzoate Metabolism,guaiacol sulfate
Lipid,"Fatty Acid, Amino",2-aminooctanoate
Amino Acid,Tyrosine Metabolism,o-Tyrosine
Xenobiotics,Food Component/Plant,2-aminophenol sulfate
Lipid,Lysophospholipid,1-stearoyl-GPS (18:0)*
Lipid,Sphingomyelins,"sphingomyelin (d18:1/14:0, d16:1/16:0)*"
Lipid,Sphingomyelins,"sphingomyelin (d18:2/16:0, d18:1/16:1)*"
Lipid,"Fatty Acid, Dicarboxylate",3-hydroxyadipate
Lipid,Lysophospholipid,1-arachidonoyl-GPA (20:4)
Amino Acid,Lysine Metabolism,6-oxopiperidine-2-carboxylate
Xenobiotics,Food Component/Plant,S-allylcysteine
Amino Acid,Urea cycle; Arginine and Proline Metabolism,N-delta-acetylornithine
Lipid,"Fatty Acid, Amino",2-aminoheptanoate
Amino Acid,Tryptophan Metabolism,N-formylanthranilic acid
Lipid,Lysophospholipid,1-linoleoyl-GPS (18:2)*
Amino Acid,Tyrosine Metabolism,3-methoxytyramine sulfate
Amino Acid,"Methionine, Cysteine, SAM and Taurine Metabolism",methionine sulfone
Xenobiotics,Food Component/Plant,N-acetylalliin
Lipid,Lysoplasmalogen,1-(1-enyl-oleoyl)-GPE (P-18:1)*
Amino Acid,Lysine Metabolism,fructosyllysine
Xenobiotics,Bacterial/Fungal,N-methylpipecolate
Xenobiotics,Chemical,O-sulfo-L-tyrosine
Lipid,Estrogenic Steroids,estriol 16-glucuronide
Amino Acid,"Methionine, Cysteine, SAM and Taurine Metabolism",N-acetylmethionine sulfoxide
Amino Acid,"Methionine, Cysteine, SAM and Taurine Metabolism",N-acetyltaurine
Lipid,Lysophospholipid,1-oleoyl-GPG (18:1)*
Lipid,Lysophospholipid,1-palmitoyl-GPG (16:0)*
Lipid,Lysophospholipid,1-palmitoyl-GPS (16:0)*
Lipid,Endocannabinoid,N-linoleoyltaurine*
Lipid,Endocannabinoid,N-arachidonoyltaurine
Xenobiotics,Food Component/Plant,methyl glucopyranoside (alpha + beta)
Lipid,Sphingomyelins,"sphingomyelin (d18:2/14:0, d18:1/14:1)*"
Lipid,Sphingomyelins,"sphingomyelin (d18:1/24:1, d18:2/24:0)*"
Lipid,"Fatty Acid Metabolism (Acyl Carnitine, Monounsaturated)",myristoleoylcarnitine (C14:1)*
Amino Acid,Tyrosine Metabolism,N-formylphenylalanine
Xenobiotics,Chemical,3-hydroxypyridine sulfate
Carbohydrate,Pentose Metabolism,arabonate/xylonate
Xenobiotics,Benzoate Metabolism,methyl-4-hydroxybenzoate sulfate
Lipid,Pregnenolone Steroids,21-hydroxypregnanolone disulfate
Lipid,Monoacylglycerol,1-dihomo-linolenylglycerol (20:3)
Carbohydrate,Pentose Metabolism,ribulose/xylulose
Lipid,Progestin Steroids,pregnanolone/allopregnanolone sulfate
Amino Acid,Tyrosine Metabolism,p-cresol glucuronide*
Xenobiotics,Food Component/Plant,acesulfame
Xenobiotics,Benzoate Metabolism,propyl 4-hydroxybenzoate
Amino Acid,Glutathione Metabolism,4-hydroxy-nonenal-glutathione
Xenobiotics,Chemical,6-hydroxyindole sulfate
Xenobiotics,Benzoate Metabolism,propyl 4-hydroxybenzoate sulfate
Lipid,Sphingomyelins,"sphingomyelin (d18:1/20:0, d16:1/22:0)*"
Lipid,Sphingomyelins,"sphingomyelin (d18:1/20:1, d18:2/20:0)*"
Lipid,Sphingomyelins,behenoyl sphingomyelin (d18:1/22:0)*
Lipid,Sphingomyelins,"sphingomyelin (d18:1/22:1, d18:2/22:0, d16:1/24:1)*"
Lipid,Sphingomyelins,"sphingomyelin (d18:1/22:2, d18:2/22:1, d16:1/24:2)*"
Lipid,Sphingomyelins,lignoceroyl sphingomyelin (d18:1/24:0)
Lipid,Sphingomyelins,"sphingomyelin (d17:1/16:0, d18:1/15:0, d16:1/17:0)*"
Lipid,Monoacylglycerol,2-docosahexaenoylglycerol (22:6)*
Amino Acid,Tyrosine Metabolism,dopamine 3-O-sulfate
Lipid,"Fatty Acid, Monohydroxy",3-hydroxyhexanoate
Xenobiotics,Chemical,"1,2,3-benzenetriol sulfate (2)"
Amino Acid,Tryptophan Metabolism,N-acetylkynurenine (2)
Amino Acid,Tryptophan Metabolism,C-glycosyltryptophan
Carbohydrate,Pentose Metabolism,arabitol/xylitol
Carbohydrate,Aminosugar Metabolism,N-acetylglucosamine/N-acetylgalactosamine
Lipid,"Fatty Acid Metabolism (Acyl Carnitine, Dicarboxylate)",adipoylcarnitine (C6-DC)
Lipid,"Fatty Acid Metabolism (Acyl Carnitine, Dicarboxylate)",suberoylcarnitine (C8-DC)
Lipid,Primary Bile Acid Metabolism,glycochenodeoxycholate 3-sulfate
Lipid,Secondary Bile Acid Metabolism,glycodeoxycholate 3-sulfate
Lipid,Secondary Bile Acid Metabolism,taurodeoxycholic acid 3-sulfate
Lipid,Endocannabinoid,linoleoyl ethanolamide
Xenobiotics,Drug - Neurological,rocuronium
Lipid,Phosphatidylcholine (PC),"1,2-dilinoleoyl-GPC (18:2/18:2)"
Lipid,Phosphatidylcholine (PC),1-stearoyl-2-oleoyl-GPC (18:0/18:1)
Lipid,Phosphatidylcholine (PC),1-palmitoyl-2-arachidonoyl-GPC (16:0/20:4n6)
Lipid,Phosphatidylcholine (PC),1-palmitoyl-2-docosahexaenoyl-GPC (16:0/22:6)
Lipid,Phosphatidylcholine (PC),1-stearoyl-2-docosahexaenoyl-GPC (18:0/22:6)
Lipid,Plasmalogen,1-(1-enyl-stearoyl)-2-oleoyl-GPE (P-18:0/18:1)
Lipid,Sphingomyelins,"sphingomyelin (d18:1/17:0, d17:1/18:0, d19:1/16:0)"
Lipid,Phosphatidylcholine (PC),1-palmitoyl-2-stearoyl-GPC (16:0/18:0)
Amino Acid,Glutathione Metabolism,2-hydroxybutyrate/2-hydroxyisobutyrate
Energy,TCA Cycle,2-methylcitrate/homocitrate
Lipid,Long Chain Monounsaturated Fatty Acid,oleate/vaccenate (18:1)
Lipid,"Fatty Acid, Monohydroxy",3-hydroxystearate
Lipid,Monoacylglycerol,1-palmitoleoylglycerol (16:1)*
Lipid,Dihydrosphingomyelins,palmitoyl dihydrosphingomyelin (d18:0/16:0)*
Lipid,Sphingomyelins,tricosanoyl sphingomyelin (d18:1/23:0)*
Lipid,Sphingomyelins,"sphingomyelin (d18:2/23:0, d18:1/23:1, d17:1/24:1)*"
Lipid,Sphingomyelins,"sphingomyelin (d18:2/24:1, d18:1/24:2)*"
Xenobiotics,Drug - Antibiotic,azithromycin
Nucleotide,"Pyrimidine Metabolism, Uracil containing",uridine 2'-monophosphate (2'-UMP)*
Lipid,Phosphatidylethanolamine (PE),1-stearoyl-2-linoleoyl-GPE (18:0/18:2)*
Lipid,Phosphatidylethanolamine (PE),1-stearoyl-2-arachidonoyl-GPE (18:0/20:4)
Lipid,Phosphatidylcholine (PC),1-stearoyl-2-linoleoyl-GPC (18:0/18:2)*
Lipid,Phosphatidylcholine (PC),1-palmitoyl-2-palmitoleoyl-GPC (16:0/16:1)*
Lipid,Phosphatidylethanolamine (PE),1-palmitoyl-2-arachidonoyl-GPE (16:0/20:4)*
Lipid,Phosphatidylethanolamine (PE),1-palmitoyl-2-docosahexaenoyl-GPE (16:0/22:6)*
Lipid,Phosphatidylethanolamine (PE),1-stearoyl-2-docosahexaenoyl-GPE (18:0/22:6)*
Lipid,Phosphatidylinositol (PI),1-palmitoyl-2-arachidonoyl-GPI (16:0/20:4)*
Lipid,Phosphatidylinositol (PI),1-stearoyl-2-linoleoyl-GPI (18:0/18:2)
Cofactors and Vitamins,Tocopherol Metabolism,gamma-tocopherol/beta-tocopherol
Lipid,Plasmalogen,1-(1-enyl-stearoyl)-2-arachidonoyl-GPE (P-18:0/20:4)*
Lipid,Plasmalogen,1-(1-enyl-palmitoyl)-2-arachidonoyl-GPE (P-16:0/20:4)*
Lipid,Plasmalogen,1-(1-enyl-palmitoyl)-2-oleoyl-GPE (P-16:0/18:1)*
Lipid,Plasmalogen,1-(1-enyl-palmitoyl)-2-oleoyl-GPC (P-16:0/18:1)*
Lipid,Plasmalogen,1-(1-enyl-palmitoyl)-2-linoleoyl-GPC (P-16:0/18:2)*
Lipid,Plasmalogen,1-(1-enyl-palmitoyl)-2-arachidonoyl-GPC (P-16:0/20:4)*
Lipid,Sphingomyelins,"sphingomyelin (d18:1/21:0, d17:1/22:0, d16:1/23:0)*"
Lipid,Dihydrosphingomyelins,behenoyl dihydrosphingomyelin (d18:0/22:0)*
Lipid,Dihydrosphingomyelins,"sphingomyelin (d18:0/18:0, d19:0/17:0)*"
Lipid,Dihydroceramides,N-palmitoyl-sphinganine (d18:0/16:0)
Lipid,Lactosylceramides (LCER),lactosyl-N-palmitoyl-sphingosine (d18:1/16:0)
Xenobiotics,Drug - Respiratory,cetirizine
Lipid,Dihydrosphingomyelins,myristoyl dihydrosphingomyelin (d18:0/14:0)*
Lipid,Diacylglycerol,palmitoyl-linoleoyl-glycerol (16:0/18:2) [2]*
Nucleotide,Dinucleotide,(3'-5')-guanylyluridine
Nucleotide,Dinucleotide,(3'-5')-uridylyluridine
Nucleotide,Dinucleotide,(3'-5')-uridylyladenosine
Nucleotide,Dinucleotide,(3'-5')-adenylyluridine
Nucleotide,Dinucleotide,(3'-5')-adenylylcytidine
Nucleotide,Dinucleotide,(3'-5')-guanylylcytidine
Lipid,Phosphatidylinositol (PI),1-palmitoyl-2-oleoyl-GPI (16:0/18:1)*
Lipid,Plasmalogen,1-(1-enyl-palmitoyl)-2-linoleoyl-GPE (P-16:0/18:2)*
Lipid,Phosphatidylethanolamine (PE),1-oleoyl-2-linoleoyl-GPE (18:1/18:2)*
Lipid,Phosphatidylcholine (PC),1-oleoyl-2-docosahexaenoyl-GPC (18:1/22:6)*
Lipid,Phosphatidylcholine (PC),1-linoleoyl-2-arachidonoyl-GPC (18:2/20:4n6)*
Lipid,Phosphatidylcholine (PC),1-myristoyl-2-arachidonoyl-GPC (14:0/20:4)*
Lipid,Phosphatidylcholine (PC),1-palmitoyl-2-gamma-linolenoyl-GPC (16:0/18:3n6)*
Lipid,Plasmalogen,1-(1-enyl-palmitoyl)-2-palmitoleoyl-GPC (P-16:0/16:1)*
Lipid,Plasmalogen,1-(1-enyl-palmitoyl)-2-palmitoyl-GPC (P-16:0/16:0)*
Lipid,Phosphatidylethanolamine (PE),"1,2-dipalmitoyl-GPE (16:0/16:0)*"
Lipid,Phosphatidylethanolamine (PE),1-palmitoyl-2-stearoyl-GPE (16:0/18:0)*
Lipid,Phosphatidylethanolamine (PE),"1,2-dilinoleoyl-GPE (18:2/18:2)*"
Lipid,Phosphatidylethanolamine (PE),1-oleoyl-2-arachidonoyl-GPE (18:1/20:4)*
Lipid,Phosphatidylethanolamine (PE),1-oleoyl-2-docosahexaenoyl-GPE (18:1/22:6)*
Lipid,Phosphatidylethanolamine (PE),1-linoleoyl-2-arachidonoyl-GPE (18:2/20:4)*
Lipid,Plasmalogen,1-(1-enyl-stearoyl)-2-linoleoyl-GPE (P-18:0/18:2)*
Lipid,Lysophospholipid,1-linoleoyl-GPG (18:2)*
Xenobiotics,Chemical,thioproline
Lipid,Fatty Acid Metabolism (Acyl Choline),palmitoylcholine
Amino Acid,"Glycine, Serine and Threonine Metabolism",2-methylserine
Lipid,Primary Bile Acid Metabolism,glycochenodeoxycholate glucuronide (1)
Lipid,"Fatty Acid Metabolism (Acyl Carnitine, Hydroxy)",(S)-3-hydroxybutyrylcarnitine
Lipid,Hexosylceramides (HCER),glycosyl-N-palmitoyl-sphingosine (d18:1/16:0)
Cofactors and Vitamins,Ascorbate and Aldarate Metabolism,ascorbic acid 2-sulfate
Lipid,Fatty Acid Metabolism (Acyl Choline),oleoylcholine
Lipid,Fatty Acid Metabolism (Acyl Choline),arachidonoylcholine
Lipid,Fatty Acid Metabolism (Acyl Choline),palmitoloelycholine
Lipid,Phosphatidylcholine (PC),1-linoleoyl-2-linolenoyl-GPC (18:2/18:3)*
Lipid,Phosphatidylcholine (PC),1-palmitoleoyl-2-linolenoyl-GPC (16:1/18:3)*
Xenobiotics,Drug - Neurological,lamotrigine
Lipid,Long Chain Polyunsaturated Fatty Acid (n3 and n6),hexadecatrienoate (16:3n3)
Lipid,Long Chain Polyunsaturated Fatty Acid (n3 and n6),hexadecadienoate (16:2n6)
Lipid,"Fatty Acid Metabolism (Acyl Carnitine, Monounsaturated)",palmitoleoylcarnitine (C16:1)*
Amino Acid,"Leucine, Isoleucine and Valine Metabolism","2,3-dihydroxy-2-methylbutyrate"
Nucleotide,"Pyrimidine Metabolism, Cytidine containing",2'-O-methylcytidine
Nucleotide,"Pyrimidine Metabolism, Uracil containing",2'-O-methyluridine
Lipid,Diacylglycerol,stearoyl-linoleoyl-glycerol (18:0/18:2) [2]*
Lipid,Diacylglycerol,linoleoyl-arachidonoyl-glycerol (18:2/20:4) [1]*
Lipid,Diacylglycerol,linoleoyl-arachidonoyl-glycerol (18:2/20:4) [2]*
Lipid,Diacylglycerol,palmitoyl-arachidonoyl-glycerol (16:0/20:4) [1]*
Lipid,Diacylglycerol,palmitoyl-arachidonoyl-glycerol (16:0/20:4) [2]*
Lipid,Diacylglycerol,linoleoyl-docosahexaenoyl-glycerol (18:2/22:6) [2]*
Lipid,Diacylglycerol,oleoyl-arachidonoyl-glycerol (18:1/20:4) [2]*
Lipid,Diacylglycerol,linoleoyl-linoleoyl-glycerol (18:2/18:2) [1]*
Lipid,Diacylglycerol,linoleoyl-linoleoyl-glycerol (18:2/18:2) [2]*
Lipid,Diacylglycerol,stearoyl-arachidonoyl-glycerol (18:0/20:4) [1]*
Lipid,Diacylglycerol,stearoyl-arachidonoyl-glycerol (18:0/20:4) [2]*
Lipid,Phosphatidylinositol (PI),1-oleoyl-2-arachidonoyl-GPI (18:1/20:4)*
Lipid,Ceramides,N-palmitoyl-sphingadienine (d18:2/16:0)*
Lipid,Diacylglycerol,stearoyl-docosahexaenoyl-glycerol (18:0/22:6) [1]*
Lipid,Diacylglycerol,stearoyl-docosahexaenoyl-glycerol (18:0/22:6) [2]*
Lipid,Diacylglycerol,palmitoyl-docosahexaenoyl-glycerol (16:0/22:6) [1]*
Lipid,Diacylglycerol,palmitoyl-docosahexaenoyl-glycerol (16:0/22:6) [2]*
Lipid,Lactosylceramides (LCER),lactosyl-N-nervonoyl-sphingosine (d18:1/24:1)*
Lipid,"Fatty Acid, Monohydroxy",2-hydroxybehenate
Lipid,"Fatty Acid, Monohydroxy",2-hydroxynervonate*
Lipid,Endocannabinoid,N-palmitoylserine
Lipid,Endocannabinoid,N-oleoylserine
Lipid,Sphingolipid Synthesis,sphingadienine
Lipid,Phospholipid Metabolism,glycerophosphoserine*
Lipid,Sphingosines,hexadecasphingosine (d16:1)*
Lipid,Ceramides,"ceramide (d18:1/14:0, d16:1/16:0)*"
Lipid,Ceramides,"ceramide (d18:1/17:0, d17:1/18:0)*"
Lipid,Ceramides,"ceramide (d18:2/24:1, d18:1/24:2)*"
Lipid,Hexosylceramides (HCER),"glycosyl ceramide (d18:2/24:1, d18:1/24:2)*"
Lipid,Fatty Acid Metabolism (Acyl Choline),stearoylcholine*
Lipid,Fatty Acid Metabolism (Acyl Choline),linoleoylcholine*
Xenobiotics,Drug - Gastrointestinal,ondansetron
Lipid,Long Chain Polyunsaturated Fatty Acid (n3 and n6),nisinate (24:6n3)
Lipid,Dihydrosphingomyelins,"sphingomyelin (d18:0/20:0, d16:0/22:0)*"
Lipid,Sphingomyelins,"sphingomyelin (d18:1/19:0, d19:1/18:0)*"
Lipid,Sphingomyelins,sphingomyelin (d18:2/18:1)*
Lipid,Sphingomyelins,sphingomyelin (d18:2/24:2)*
Lipid,Sphingomyelins,"sphingomyelin (d18:2/21:0, d16:2/23:0)*"
Lipid,Sphingomyelins,sphingomyelin (d18:2/23:1)*
Lipid,Sphingomyelins,"sphingomyelin (d18:1/25:0, d19:0/24:1, d20:1/23:0, d19:1/24:0)*"
Lipid,Sphingomyelins,"sphingomyelin (d17:2/16:0, d18:2/15:0)*"
Lipid,"Fatty Acid Metabolism (Acyl Carnitine, Polyunsaturated)",linolenoylcarnitine (C18:3)*
Lipid,"Fatty Acid Metabolism (Acyl Carnitine, Long Chain Saturated)",behenoylcarnitine (C22)*
Lipid,"Fatty Acid Metabolism (Acyl Carnitine, Long Chain Saturated)",arachidoylcarnitine (C20)*
Lipid,"Fatty Acid Metabolism (Acyl Carnitine, Long Chain Saturated)",cerotoylcarnitine (C26)*
Lipid,"Fatty Acid Metabolism (Acyl Carnitine, Monounsaturated)",ximenoylcarnitine (C26:1)*
Lipid,"Fatty Acid Metabolism (Acyl Carnitine, Polyunsaturated)",arachidonoylcarnitine (C20:4)
Lipid,"Fatty Acid Metabolism (Acyl Carnitine, Monounsaturated)",eicosenoylcarnitine (C20:1)*
Lipid,"Fatty Acid Metabolism (Acyl Carnitine, Polyunsaturated)",dihomo-linoleoylcarnitine (C20:2)*
Lipid,"Fatty Acid Metabolism (Acyl Carnitine, Polyunsaturated)",dihomo-linolenoylcarnitine (C20:3n3 or 6)*
Lipid,"Fatty Acid Metabolism (Acyl Carnitine, Monounsaturated)",erucoylcarnitine (C22:1)*
Lipid,"Fatty Acid Metabolism (Acyl Carnitine, Long Chain Saturated)",pentadecanoylcarnitine (C15)*
Lipid,"Fatty Acid Metabolism (Acyl Carnitine, Monounsaturated)",nervonoylcarnitine (C24:1)*
Lipid,"Fatty Acid Metabolism (Acyl Carnitine, Polyunsaturated)",tetracosadienoylcarnitine (C24:2)*
Lipid,"Fatty Acid Metabolism (Acyl Carnitine, Polyunsaturated)",docosadienoylcarnitine (C22:2)*
Lipid,"Fatty Acid Metabolism (Acyl Carnitine, Polyunsaturated)",docosatrienoylcarnitine (C22:3)*
Lipid,"Fatty Acid Metabolism (Acyl Carnitine, Polyunsaturated)",adrenoylcarnitine (C22:4)*
Lipid,"Fatty Acid Metabolism (Acyl Carnitine, Polyunsaturated)",docosapentaenoylcarnitine (C22:5n3)*
Lipid,"Fatty Acid Metabolism (Acyl Carnitine, Polyunsaturated)",docosapentaenoylcarnitine (C22:5n6)*
Lipid,Sphingosines,eicosanoylsphingosine (d20:1)*
Xenobiotics,Drug - Antibiotic,clindamycin
Xenobiotics,Drug - Antibiotic,metronidazole
Xenobiotics,Drug - Antibiotic,cefazolin
Amino Acid,Lysine Metabolism,"N,N,N-trimethyl-5-aminovalerate"
Cofactors and Vitamins,Vitamin A Metabolism,carotene diol (1)
Cofactors and Vitamins,Vitamin A Metabolism,carotene diol (2)
Cofactors and Vitamins,Vitamin A Metabolism,carotene diol (3)
Xenobiotics,Drug - Antibiotic,fluconazole
Lipid,"Fatty Acid Metabolism (Acyl Carnitine, Monounsaturated)",butenoylcarnitine (C4:1)
Lipid,"Fatty Acid Metabolism (Acyl Carnitine, Short Chain)",isocaproylcarnitine
Lipid,"Fatty Acid Metabolism (Acyl Carnitine, Monounsaturated)",5-dodecenoylcarnitine (C12:1)
Lipid,"Fatty Acid, Dicarboxylate",hydroxy-CMPF*
Lipid,"Fatty Acid Metabolism (Acyl Carnitine, Hydroxy)",3-hydroxypalmitoylcarnitine
Lipid,"Fatty Acid Metabolism (Acyl Carnitine, Hydroxy)",3-hydroxyoleoylcarnitine
Lipid,"Fatty Acid, Monohydroxy",2-hydroxyarachidate*
Lipid,"Fatty Acid, Monohydroxy",3-hydroxyarachidate*
Nucleotide,"Pyrimidine Metabolism, Cytidine containing",cytidine 2' or 3'-monophosphate (2' or 3'-CMP)
Lipid,Endocannabinoid,N-stearoylserine*
Lipid,"Fatty Acid, Monohydroxy",3-hydroxyoleate*
Carbohydrate,Pentose Metabolism,lyxonate
Lipid,"Fatty Acid, Dicarboxylate",octadecenedioate (C18:1-DC)
Lipid,"Fatty Acid, Dicarboxylate",heptenedioate (C7:1-DC)*
Lipid,"Fatty Acid, Dicarboxylate",octadecadienedioate (C18:2-DC)*
Lipid,"Fatty Acid, Dicarboxylate",3-carboxy-4-methyl-5-pentyl-2-furanpropionate (3-CMPFP)**
Lipid,"Fatty Acid, Amino",N-acetyl-2-aminooctanoate*
Amino Acid,Alanine and Aspartate Metabolism,hydroxyasparagine**
Amino Acid,Urea cycle; Arginine and Proline Metabolism,"N,N,N-trimethyl-alanylproline betaine (TMAP)"
Xenobiotics,Food Component/Plant,3-formylindole
Peptide,Gamma-glutamyl Amino Acid,gamma-glutamylcitrulline*
Partially Characterized Molecules,Partially Characterized Molecules,glutamine conjugate of C7H12O2*
Partially Characterized Molecules,Partially Characterized Molecules,glutamine conjugate of C6H10O2 (1)*
Partially Characterized Molecules,Partially Characterized Molecules,glutamine conjugate of C6H10O2 (2)*
Lipid,Sphingomyelins,"sphingomyelin (d17:1/14:0, d16:1/15:0)*"
Lipid,Long Chain Polyunsaturated Fatty Acid (n3 and n6),tetradecadienoate (14:2)*
Amino Acid,Urea cycle; Arginine and Proline Metabolism,3-amino-2-piperidone
Amino Acid,Alanine and Aspartate Metabolism,"N,N-dimethylalanine"
Xenobiotics,Food Component/Plant,ethyl beta-glucopyranoside
Amino Acid,Phenylalanine Metabolism,1-carboxyethylphenylalanine
Amino Acid,Tyrosine Metabolism,1-carboxyethyltyrosine
Amino Acid,"Leucine, Isoleucine and Valine Metabolism",1-carboxyethylvaline
Amino Acid,"Leucine, Isoleucine and Valine Metabolism",1-carboxyethylleucine
Amino Acid,"Leucine, Isoleucine and Valine Metabolism",1-carboxyethylisoleucine
Lipid,"Fatty Acid, Dicarboxylate",dodecadienoate (12:2)*
Amino Acid,Polyamine Metabolism,N-acetyl-isoputreanine
Lipid,Pregnenolone Steroids,21-hydroxypregnanolone monosulfate (1)
Nucleotide,Dinucleotide,(3'-5')-adenylyladenosine*
Nucleotide,Dinucleotide,(3'-5')-adenylylguanosine*
Nucleotide,Dinucleotide,(3'-5')-guanylyladenosine*
Nucleotide,Dinucleotide,(3'-5')-cytidylylcytidine*
Nucleotide,Dinucleotide,(3'-5')-cytidylyluridine*
Nucleotide,Dinucleotide,(3'-5')-uridylylcytidine*
Lipid,Monoacylglycerol,1-meadoylglycerol (20:3n9)*
Lipid,"Fatty Acid Metabolism (Acyl Carnitine, Polyunsaturated)",meadoylcarnitine (C20:3n9)*
Xenobiotics,Drug - Psychoactive,desmethylcitalopram*
Xenobiotics,Drug - Gastrointestinal,ranitidine N-oxide*
Lipid,Secondary Bile Acid Metabolism,glycoursodeoxycholic acid sulfate (1)
Lipid,"Fatty Acid Metabolism (Acyl Carnitine, Hydroxy)",3-hydroxyhexanoylcarnitine (1)
Xenobiotics,"Drug - Analgesics, Anesthetics",3-(methylthio)acetaminophen sulfate*
Xenobiotics,Drug - Topical Agents,"2,6-dihydroxybenzoic acid"
Lipid,Secondary Bile Acid Metabolism,tauroursodeoxycholic acid sulfate (1)
Amino Acid,"Methionine, Cysteine, SAM and Taurine Metabolism","2,3-dihydroxy-5-methylthio-4-pentenoate (DMTPA)*"
Amino Acid,Glutathione Metabolism,3'-dephospho-CoA-glutathione*
Amino Acid,Glutathione Metabolism,"S-(1,2-dicarboxyethyl)glutathione"
Lipid,Sphingomyelins,hydroxypalmitoyl sphingomyelin (d18:1/16:0(OH))**
Lipid,Phosphatidylserine (PS),1-palmitoyl-2-arachidonoyl-GPS (16:0/20:4)
Xenobiotics,"Drug - Analgesics, Anesthetics",methadone
Lipid,Secondary Bile Acid Metabolism,taurochenodeoxycholic acid 3-sulfate
Lipid,Pregnenolone Steroids,pregnenetriol disulfate*
Amino Acid,Lysine Metabolism,"hydroxy-N6,N6,N6-trimethyllysine*"
Lipid,"Fatty Acid Metabolism (Acyl Carnitine, Hydroxy)",3-hydroxydecanoylcarnitine
Lipid,Ceramide PEs,palmitoyl-sphingosine-phosphoethanolamine (d18:1/16:0)
Peptide,Dipeptide Derivative,isoleucylhydroxyproline*
Amino Acid,Histidine Metabolism,1-methyl-5-imidazolelactate
Partially Characterized Molecules,Partially Characterized Molecules,"branched-chain, straight-chain, or cyclopropyl 12:1 fatty acid*"
Lipid,"Fatty Acid Metabolism (Acyl Carnitine, Medium Chain)","cis-3,4-methyleneheptanoylcarnitine"
Xenobiotics,Drug - Antibiotic,ampicillin
Xenobiotics,Drug - Respiratory,De(carboxymethoxy) cetirizine acetic acid
Xenobiotics,Chemical,4-chlorobenzoic acid
Xenobiotics,Chemical,"2,4-di-tert-butylphenol"
Xenobiotics,Drug - Neurological,phentermine
Lipid,"Fatty Acid Metabolism (Acyl Carnitine, Hydroxy)",3-hydroxyoctanoylcarnitine (1)
Lipid,"Fatty Acid Metabolism (Acyl Carnitine, Hydroxy)",3-hydroxyoctanoylcarnitine (2)
Partially Characterized Molecules,Partially Characterized Molecules,"bilirubin degradation product, C17H18N2O4 (1)**"
Partially Characterized Molecules,Partially Characterized Molecules,"bilirubin degradation product, C17H18N2O4 (2)**"
Partially Characterized Molecules,Partially Characterized Molecules,"bilirubin degradation product, C17H18N2O4 (3)**"
Amino Acid,Histidine Metabolism,1-carboxyethylhistidine
Peptide,Modified Peptides,"N,N-dimethyl-pro-pro"
,,X-07765
,,X-10445
,,X-10457
,,X-11299
,,X-11372
,,X-11381
,,X-11580
,,X-11612
,,X-11615
,,X-11787
,,X-11847
,,X-11858
,,X-11979
,,X-12100
,,X-12101
,,X-12104
,,X-12117
,,X-12127
,,X-12462
,,X-12798
,,X-12849
,,X-13553
,,X-13658
,,X-14056
,,X-15136
,,X-15161
,,X-15503
,,X-16580
,,X-16964
,,X-17009
,,X-17010
,,X-17343
,,X-17655
,,X-21258
,,X-21310
,,X-21319
,,X-21353
,,X-21364
,,X-21410
,,X-21470
,,X-21796
,,X-22162
,,X-22770
,,X-22771
,,X-22772
,,X-22776
,,X-22918
,,X-23481
,,X-23587
,,X-23593
,,X-23636
,,X-23639
,,X-23644
,,X-23737
,,X-23739
,,X-23782
,,X-23974
,,X-24027
,,X-24035
,,X-24243
,,X-24257
,,X-24295
,,X-24425
,,X-24428
,,X-24431
,,X-24432
,,X-24453
,,X-24545
,,X-24546
,,X-24576
,,X-24665
,,X-24697
,,X-24728
,,X-24762
,,X-24807
,,X-24811
,,X-24812
,,X-25009
,,X-25026
,,X-25035
,,X-25047
,,X-25055
,,X-25102
,,X-25107
,,X-25109
,,X-25111
,,X-25244
,,X-25271
,,X-25422
,,X-25433
,,X-25435
,,X-25464
,,X-25519
,,X-25610
,,X-25855
,,X-25856
,,X-25936
,,X-25948
,,X-25957
,,X-25984
,,X-26058
,,X-26062
,,X-26106
,,X-26107
,,X-26108
,,X-26111
,,X-26127